Feature ID,Induced,NonInduced
pXO1,0,5.2580560583
sopA,0,4.663314499
ECPA15_5843,0,7.7522621372
ssb1,0,0
